trip_duration_days,miles_traveled,total_receipts_amount,reimbursement,receipts_per_day,miles_per_day,log_receipts,log_miles,is_week_plus,is_long_miles
1,263.0,396.49,198.42,396.49,263.0,5.985169776545233,5.575949103146316,0,0
5,895.0,2329.69,1791.96,465.938,179.0,7.753919640058795,6.79794041297493,0,1
9,938.0,742.17,1632.1,82.46333333333332,104.22222222222223,6.61092482069997,6.844815479208263,1,1
12,18.0,2461.37,1556.78,205.11416666666665,1.5,7.808879579774531,2.9444389791664403,1,0
9,1102.0,540.6,1455.85,60.06666666666667,122.44444444444444,6.294527721598065,7.005789019253503,1,1
7,1126.0,1103.75,2014.72,157.67857142857142,160.85714285714286,7.00737434401085,7.027314514039777,1,1
14,481.0,939.99,877.17,67.14214285714286,34.357142857142854,6.846932512536352,6.1779441140506,1,0
13,1204.0,24.47,1344.17,1.8823076923076922,92.61538461538461,3.2375012889913655,7.094234845924755,1,1
5,406.0,1084.16,1399.39,216.83200000000002,81.2,6.989482720540389,6.008813185442595,0,0
1,76.0,13.74,158.35,13.74,76.0,2.6905648867611904,4.343805421853684,0,0
3,1074.0,247.32,636.02,82.44,358.0,5.514718236994854,6.980075940561763,0,1
8,207.0,1146.93,1479.01,143.36625,25.875,7.045715599410667,5.337538079701318,1,0
2,623.18,347.54,625.15,173.77,311.59,5.853753001232496,6.436438788310859,0,1
5,1028.0,653.19,1313.95,130.638,205.6,6.483397829142147,6.9363427358340495,0,1
5,966.0,359.51,927.98,71.902,193.2,5.887519695591318,6.874198495453294,0,1
4,198.0,2106.63,1450.67,526.6575,49.5,7.653319372433863,5.293304824724492,0,0
8,34.0,1225.2,1438.52,153.15,4.25,7.111675235328588,3.5553480614894135,1,0
8,621.0,2391.34,1593.12,298.9175,77.625,7.780027245437751,6.432940092739179,1,1
11,398.0,723.39,1154.77,65.76272727272728,36.18181818181818,6.58532992138609,5.988961416889864,1,0
9,1080.0,539.51,1306.91,59.94555555555556,120.0,6.2925131382957185,6.985641817639208,1,1
11,844.0,1962.77,1787.57,178.43363636363637,76.72727272727273,7.582621374113767,6.739336627357174,1,1
9,310.69,239.64,828.16,26.626666666666665,34.52111111111111,5.483302040761475,5.742009104128395,1,0
4,6.0,458.7,459.21,114.675,1.5,6.130574102812182,1.9459101490553132,0,0
14,807.0,2358.41,1819.41,168.45785714285714,57.642857142857146,7.766166866764446,6.694562058521095,1,1
10,692.0,1671.71,1701.23,167.171,69.2,7.422200344658435,6.541029999189903,1,1
3,117.0,21.99,359.1,7.329999999999999,39.0,3.1350593387750902,4.770684624465665,0,0
12,33.0,1249.13,1707.38,104.09416666666668,2.75,7.131002824888721,3.5263605246161616,1,0
8,836.0,735.52,1606.63,91.94,104.5,6.601936390999019,6.729824070489475,1,1
6,204.0,818.99,628.4,136.49833333333333,34.0,6.709292145061987,5.3230099791384085,0,0
9,1097.0,2330.2,1728.07,258.9111111111111,121.88888888888889,7.75413843544094,7.001245622069476,1,1
8,80.0,1092.18,1365.73,136.5225,10.0,6.996846158972545,4.394449154672439,1,0
10,958.0,1643.76,1827.18,164.376,95.8,7.4053497558989845,6.8658910748834385,1,1
8,275.0,2347.09,1454.47,293.38625,34.375,7.76135751070743,5.62040086571715,1,0
3,158.0,1070.74,1183.16,356.91333333333336,52.666666666666664,6.977038774900383,5.0689042022202315,0,0
1,620.0,973.91,1112.02,973.91,620.0,6.882345159044922,6.431331081933479,0,1
7,709.0,320.8,1116.62,45.82857142857143,101.28571428571429,5.773930234558283,6.565264970035361,1,1
9,72.0,1281.32,1515.54,142.36888888888888,8.0,7.156426216317626,4.290459441148391,1,0
7,577.0,1959.13,1603.6,279.8757142857143,82.42857142857143,7.580766076555668,6.359573868672378,1,1
7,273.0,285.83,793.58,40.832857142857144,39.0,5.658889705765464,5.6131281063880705,1,0
2,274.0,888.24,917.79,444.12,137.0,6.790367165333791,5.616771097666572,0,0
4,1100.0,370.61,860.32,92.6525,275.0,5.917844917234218,7.00397413672268,0,1
6,372.0,2494.69,1742.34,415.7816666666667,62.0,7.82232052305807,5.921578419643816,0,0
3,712.0,512.23,751.16,170.74333333333334,237.33333333333334,6.2407240877749635,6.569481420414296,0,1
4,217.0,1506.46,1455.37,376.615,54.25,7.318181394252624,5.384495062789089,0,0
5,230.0,333.69,538.36,66.738,46.0,5.813204730268699,5.442417710521793,0,0
4,627.0,956.98,1337.63,239.245,156.75,6.864826900926214,6.4425401664681985,0,1
10,174.0,1991.96,1542.4,199.196,17.4,7.597376249765524,5.1647859739235145,1,0
10,1009.0,2164.22,1889.87,216.42199999999997,100.9,7.680277251902146,6.917705609835305,1,1
1,140.0,22.71,199.68,22.71,140.0,3.165896900077314,4.948759890378168,0,0
3,1162.0,2152.66,1434.71,717.5533333333333,387.3333333333333,7.674923999389211,7.0587581525186645,0,1
10,57.0,936.89,1237.07,93.689,5.7,6.843632671340555,4.060443010546419,1,0
6,690.0,1009.37,1559.83,168.22833333333332,115.0,6.918071879384088,6.53813982376767,0,1
6,957.0,727.75,1448.72,121.29166666666667,159.5,6.591330737664702,6.86484777797086,0,1
4,675.0,381.48,779.68,95.37,168.75,5.946676364317848,6.516193076042964,0,1
11,859.0,146.71,1267.98,13.337272727272728,78.0909090909091,4.995250892052509,6.756932389247553,1,1
14,343.0,2013.4,1839.05,143.81428571428572,24.5,7.608076663290083,5.840641657373398,1,0
9,1155.0,1346.4,2248.12,149.60000000000002,128.33333333333334,7.205932088526559,7.052721049232323,1,1
2,785.0,1964.63,1522.76,982.315,392.5,7.583568083605761,6.666956792429207,0,1
7,759.0,1694.02,1960.92,242.00285714285715,108.42857142857143,7.435449819154968,6.633318433280377,1,1
12,211.0,749.56,1285.23,62.46333333333333,17.583333333333332,6.620819594580148,5.356586274672012,1,0
14,512.0,526.84,1306.64,37.63142857142857,36.57142857142857,6.268793207480272,6.240275845170769,1,1
11,456.0,2223.72,1600.1,202.1563636363636,41.45454545454545,7.7073863439848544,6.124683390894205,1,0
1,467.0,296.49,221.23,296.49,467.0,5.695380610975362,6.148468295917647,0,0
7,803.0,12.75,1146.78,1.8214285714285714,114.71428571428571,2.6210388241125804,6.6895992691789665,1,1
10,175.0,1443.25,1635.5,144.325,17.5,7.275345434661375,5.170483995038151,1,0
13,889.0,232.72,1394.38,17.90153846153846,68.38461538461539,5.454123817686236,6.7912214627261855,1,1
1,458.0,834.7,737.28,834.7,458.0,6.7282696970073905,6.129050210060545,0,0
2,660.0,1944.4,1531.2,972.2,330.0,7.57322289043534,6.493753839851686,0,1
10,5.0,1094.06,1361.08,109.40599999999999,0.5,6.9985644352699845,1.791759469228055,1,0
13,1004.0,1757.75,1960.67,135.21153846153845,77.23076923076923,7.472358608428599,6.912742820493176,1,1
3,624.0,1160.92,1459.34,386.97333333333336,208.0,7.057829088225971,6.437751649736401,0,1
7,1006.0,1181.33,2279.82,168.76142857142855,143.71428571428572,7.075242346817636,6.914730892718563,1,1
8,1090.0,419.76,1189.47,52.47,136.25,6.042062599871073,6.994849985833071,1,1
1,979.0,1292.54,1313.53,1292.54,979.0,7.16513792499797,6.887552571664617,0,1
12,675.0,2277.93,1807.33,189.8275,56.25,7.731461313547985,6.516193076042964,1,1
3,98.0,871.46,866.05,290.4866666666667,32.666666666666664,6.77131680775345,4.59511985013459,0,0
2,500.0,1246.48,1264.53,623.24,250.0,7.12888079543303,6.2166061010848646,0,0
3,1092.0,1737.65,1462.01,579.2166666666667,364.0,7.460864229002864,6.996681488176539,0,1
14,904.0,2005.96,1970.01,143.28285714285715,64.57142857142857,7.604376418353583,6.807934943699926,1,1
9,1182.0,1342.24,2164.15,149.13777777777779,131.33333333333334,7.202839884950659,7.075808863978387,1,1
8,52.0,2353.5,1485.05,294.1875,6.5,7.764083669683609,3.970291913552122,1,0
3,621.0,214.08,779.66,71.36,207.0,5.371010051941477,6.432940092739179,0,1
7,381.0,2106.96,1705.27,300.9942857142857,54.42857142857143,7.653475934149151,5.945420608606575,1,0
10,625.0,519.94,1229.41,51.99400000000001,62.5,6.25563487197379,6.439350371100098,1,1
3,93.0,1.42,364.51,0.47333333333333333,31.0,0.883767540168595,4.543294782270004,0,0
13,658.0,559.48,1573.12,43.03692307692308,50.61538461538461,6.328793559449177,6.490723534502507,1,1
1,85.0,89.83,175.53,89.83,85.0,4.508989627514122,4.454347296253507,0,0
8,482.0,1411.49,631.81,176.43625,60.25,7.253109383349518,6.180016653652572,1,0
8,626.0,545.84,1142.89,68.23,78.25,6.304156255063791,6.440946540632921,1,1
2,543.0,103.37,544.12,51.685,271.5,4.647942277831961,6.298949246855942,0,1
13,1062.0,869.28,2090.54,66.86769230769231,81.6923076923077,6.768814998950002,6.968850378341948,1,1
5,1160.0,1901.83,1673.89,380.366,232.0,7.551097530673067,7.057036981697891,0,1
1,140.0,255.99,150.34,255.99,140.0,5.54903717363235,4.948759890378168,0,0
9,332.35,374.61,830.45,41.623333333333335,36.92777777777778,5.928551371047852,5.809192989064069,1,0
2,423.0,1639.17,1367.64,819.585,211.5,7.4025551739826545,6.049733455231958,0,0
1,1060.0,501.67,658.14,501.67,1060.0,6.21993389117754,6.966967138613983,0,1
11,527.0,1550.32,1806.06,140.93818181818182,47.90909090909091,7.346861460399994,6.269096283706261,1,1
12,353.0,2150.17,1765.67,179.18083333333334,29.416666666666668,7.67376715915269,5.869296913133774,1,0
1,344.46,813.85,707.88,813.85,344.46,6.703004047221998,5.844876862265139,0,0
1,1002.0,2320.13,1475.4,2320.13,1002.0,7.749809415046287,6.910750787961936,0,1
14,958.0,1727.76,2065.16,123.41142857142857,68.42857142857143,7.45515966748863,6.8658910748834385,1,1
11,17.0,550.58,830.07,50.052727272727275,1.5454545454545454,6.3127868871037185,2.8903717578961645,1,0
3,560.0,1664.15,1419.48,554.7166666666667,186.66666666666666,7.417670488446766,6.329720905522696,0,1
7,748.0,241.73,971.31,34.53285714285714,106.85714285714286,5.491949714487858,6.618738983517219,1,1
3,1096.0,200.27,802.96,66.75666666666667,365.3333333333333,5.304647290242906,7.00033446027523,0,1
6,806.0,1760.64,1718.76,293.44,134.33333333333334,7.47400047234096,6.693323668269949,0,1
1,181.0,128.05,225.12,128.05,181.0,4.860199926164623,5.204006687076795,0,0
6,425.0,709.75,1114.9,118.29166666666667,70.83333333333333,6.566320750531109,6.054439346269371,0,0
7,1089.0,1026.25,2132.85,146.60714285714286,155.57142857142858,6.934640607763519,6.993932975223189,1,1
9,913.0,1021.29,1964.86,113.47666666666666,101.44444444444444,6.929800487850702,6.81783057145415,1,1
8,415.0,1214.97,1473.75,151.87125,51.875,7.1032973911691455,6.030685260261263,1,0
1,250.0,1300.17,1145.33,1300.17,250.0,7.171019138692464,5.5254529391317835,0,0
8,892.0,1768.53,1902.37,221.06625,111.5,7.478469253583593,6.794586580876499,1,1
13,799.0,951.92,1793.36,73.22461538461538,61.46153846153846,6.85953095469512,6.684611727667927,1,1
5,873.0,1402.35,1676.79,280.46999999999997,174.6,7.246617514422353,6.773080375655535,0,1
5,595.0,863.93,1231.67,172.786,119.0,6.762648578801795,6.39024066706535,0,1
5,755.0,1584.41,1729.08,316.882,151.0,7.3685983279396154,6.628041376179533,0,1
6,333.0,1254.68,1585.02,209.11333333333334,55.5,7.1354325374968885,5.811140992976701,0,0
14,296.0,485.68,924.9,34.691428571428574,21.142857142857142,6.187606822919248,5.6937321388027,1,0
6,1203.0,1900.48,1972.88,316.74666666666667,200.5,7.550387809300904,7.093404625868766,0,1
3,429.0,2400.13,1411.95,800.0433333333334,143.0,7.7836947388621365,6.063785208687608,0,0
8,221.0,936.98,1287.0,117.1225,27.625,6.843728626817288,5.402677381872279,1,0
7,889.0,1417.96,1826.08,202.56571428571428,127.0,7.257679487897331,6.7912214627261855,1,1
8,123.0,612.55,851.24,76.56875,15.375,6.419261760422557,4.820281565605037,1,0
3,41.0,4.52,320.12,1.5066666666666666,13.666666666666666,1.7083778602890038,3.7376696182833684,0,0
8,255.0,1817.19,1510.91,227.14875,31.875,7.505596779727632,5.545177444479562,1,0
1,754.0,1220.47,1346.14,1220.47,754.0,7.107810330428941,6.626717749249025,0,1
6,761.0,530.19,1120.1,88.36500000000001,126.83333333333333,6.275119772683821,6.635946555686647,0,1
4,840.0,1375.42,1580.95,343.855,210.0,7.2272412044774486,6.734591659972948,0,1
8,829.0,1147.89,2004.34,143.48625,103.625,7.046551537843722,6.721425700790643,1,1
13,19.0,807.27,1331.53,62.097692307692306,1.4615384615384615,6.694896161118448,2.995732273553991,1,0
6,1006.0,1219.71,1803.97,203.285,167.66666666666666,7.1071879356631715,6.914730892718563,0,1
13,1186.0,2462.26,1906.35,189.4046153846154,91.23076923076923,7.8092409548715995,7.079184394609668,1,1
12,96.0,1164.37,1553.21,97.03083333333332,8.0,7.060793912143211,4.574710978503383,1,0
8,1173.0,671.25,1419.34,83.90625,146.625,6.510630295148974,7.068172000388042,1,1
4,103.0,1790.07,1394.55,447.5175,25.75,7.490568485607381,4.6443908991413725,0,0
3,224.0,358.77,406.36,119.58999999999999,74.66666666666667,5.885464938384792,5.41610040220442,0,0
8,891.0,1194.36,2016.46,149.295,111.375,7.086202674227491,6.79346613258001,1,1
3,175.0,440.19,431.17,146.73,58.333333333333336,6.08947562166464,5.170483995038151,0,0
9,803.0,880.17,1589.75,97.79666666666667,89.22222222222223,6.781250569863868,6.6895992691789665,1,1
10,478.0,2091.79,1568.41,209.179,47.8,7.646253382964002,6.171700597410915,1,0
11,927.0,1994.33,1779.12,181.30272727272725,84.27272727272727,7.598564729178488,6.833031732786201,1,1
7,671.0,1262.85,1600.42,180.40714285714284,95.85714285714286,7.14191789677878,6.51025834052315,1,1
1,388.1,827.37,741.46,827.37,388.1,6.719459914476488,5.963836379990508,0,0
8,945.0,766.98,1625.53,95.8725,118.125,6.643763691141915,6.852242569051878,1,1
10,223.0,745.89,1037.45,74.589,22.3,6.61591791860021,5.4116460518550396,1,0
2,1139.0,306.43,726.14,153.215,569.5,5.728247419055714,7.038783541388542,0,1
8,75.0,315.71,593.83,39.46375,9.375,5.757986528669713,4.330733340286331,1,0
5,103.0,333.22,573.58,66.644,20.6,5.811799458775237,4.6443908991413725,0,0
6,370.0,315.09,946.39,52.51499999999999,61.666666666666664,5.75602698316279,5.916202062607435,0,0
5,708.0,1129.52,1654.62,225.904,141.6,7.030432982848577,6.5638555265321274,0,1
2,251.0,1916.43,1285.2,958.215,125.5,7.5587410267080415,5.529429087511423,0,0
5,320.0,1584.55,1584.73,316.90999999999997,64.0,7.3686866292742845,5.771441123130016,0,0
12,85.0,1056.43,1466.31,88.03583333333334,7.083333333333333,6.963596714876095,4.454347296253507,1,0
6,470.0,2235.72,1628.6,372.61999999999995,78.33333333333333,7.712765786020782,6.154858094016418,0,0
12,1189.0,1453.16,2162.13,121.09666666666668,99.08333333333333,7.282183693304844,7.081708586105575,1,1
11,67.0,2455.53,1572.91,223.23000000000002,6.090909090909091,7.806505064031587,4.219507705176107,1,0
6,659.0,322.1,972.58,53.68333333333334,109.83333333333333,5.777961872830453,6.492239835020471,0,1
9,954.0,1483.39,2024.2,164.82111111111112,106.0,7.302759192435106,6.86171134048073,1,1
14,545.0,1206.76,1977.89,86.19714285714285,38.92857142857143,7.09652268325948,6.302618975744905,1,1
1,436.0,1358.14,1154.03,1358.14,436.0,7.214607425769474,6.07993319509559,0,0
1,1041.0,1630.25,1466.95,1630.25,1041.0,7.397101871071004,6.948897222313312,0,1
2,1155.0,1517.18,1543.17,758.59,577.5,7.3252675280009685,7.052721049232323,0,1
11,706.0,1508.23,2030.59,137.1118181818182,64.18181818181819,7.319354865973692,6.561030665896573,1,1
12,710.0,1249.41,1921.09,104.1175,59.166666666666664,7.131226776516106,6.566672429803241,1,1
5,516.0,1878.49,669.85,375.698,103.2,7.5387557424260985,6.248042874508429,0,1
6,668.0,1922.45,1796.98,320.40833333333336,111.33333333333333,7.561875727573234,6.505784060128229,0,1
8,303.0,1072.44,1453.25,134.055,37.875,6.978623723814578,5.717027701406222,1,0
1,797.0,126.8,543.18,126.8,797.0,4.850466541943434,6.682108597449809,0,1
5,392.0,1264.6,1465.72,252.92,78.4,7.143301597013389,5.973809611869261,0,0
2,89.0,13.85,234.2,6.925,44.5,2.6979998652487085,4.499809670330265,0,0
8,792.0,2437.24,1556.7,304.655,99.0,7.799031746541551,6.675823221634848,1,1
9,800.0,2167.72,1726.51,240.85777777777776,88.88888888888889,7.681892410746468,6.68586094706836,1,1
4,199.0,1310.01,1400.57,327.5025,49.75,7.1785531114996735,5.298317366548036,0,0
5,210.0,710.49,483.34,142.098,42.0,6.567361362617364,5.351858133476067,0,0
6,884.0,1798.31,1897.87,299.7183333333333,147.33333333333334,7.495158537059919,6.785587645007929,0,1
1,451.0,555.49,162.18,555.49,451.0,6.321649201102216,6.113682179832232,0,0
2,993.0,54.24,715.19,27.12,496.5,4.0116873285410914,6.901737206656574,0,1
12,1135.0,475.95,1447.39,39.6625,94.58333333333333,6.167411663591217,7.035268599281097,1,1
12,218.0,486.02,1005.67,40.501666666666665,18.166666666666668,6.188305190001139,5.389071729816501,1,0
3,266.0,2178.16,1447.95,726.0533333333333,88.66666666666667,7.686694760426967,5.58724865840025,0,0
10,215.0,2440.91,1638.66,244.09099999999998,21.5,7.800535798954631,5.375278407684165,1,0
10,860.0,2380.76,1759.97,238.07600000000002,86.0,7.775594989171546,6.7580945044277305,1,1
9,592.0,793.55,1235.69,88.17222222222222,65.77777777777777,6.6777759166586454,6.385194398997726,1,1
1,303.0,931.53,857.42,931.53,303.0,6.837901322582246,5.717027701406222,0,0
2,21.0,20.04,204.58,10.02,10.5,3.046425387869509,3.091042453358316,0,0
2,456.0,2390.7,1342.39,1195.35,228.0,7.779759689144819,6.124683390894205,0,0
5,789.0,1853.31,1792.88,370.662,157.8,7.525267938189421,6.672032945461067,0,1
9,578.0,1167.71,1587.21,129.74555555555557,64.22222222222223,7.0636558554182916,6.361302477572996,1,1
5,1080.0,2383.82,1664.76,476.764,216.0,7.776878928776196,6.985641817639208,0,1
5,516.0,1450.67,1547.5,290.134,103.2,7.280469896827109,6.248042874508429,0,1
12,657.0,322.5,1113.16,26.875,54.75,5.7791991139409555,6.489204931325317,1,1
14,1158.0,2104.61,1899.69,150.32928571428573,82.71428571428571,7.652360490359842,7.055312843339752,1,1
11,512.0,2016.19,1710.53,183.29,46.54545454545455,7.609460732823636,6.240275845170769,1,1
10,5.0,836.86,1116.56,83.686,0.5,6.730851022086124,1.791759469228055,1,0
10,1026.0,828.82,1865.67,82.882,102.6,6.721208809801614,6.934397209928558,1,1
3,769.0,2497.93,1587.8,832.6433333333333,256.3333333333333,7.823617919238149,6.646390514847729,0,1
1,989.0,2196.84,1439.17,2196.84,989.0,7.6952303388654055,6.897704943128636,0,1
7,1168.0,667.94,1639.55,95.42,166.85714285714286,6.505694370007535,7.063903961472068,1,1
5,778.0,2423.47,1643.96,484.69399999999996,155.6,7.793368222783556,6.658011045870748,0,1
14,865.0,2497.16,1885.87,178.3685714285714,61.785714285714285,7.823309739875323,6.763884908562435,1,1
5,57.0,559.05,639.73,111.80999999999999,11.4,6.328026065457748,4.060443010546419,0,0
6,84.0,852.7,1109.32,142.11666666666667,14.0,6.749579844016261,4.442651256490317,0,0
5,1004.0,2367.63,1743.85,473.526,200.8,7.770067007916888,6.912742820493176,0,1
3,892.0,171.32,875.39,57.10666666666666,297.3333333333333,5.149353213408078,6.794586580876499,0,1
13,694.0,1054.31,1815.02,81.10076923076923,53.38461538461539,6.961589841610542,6.543911845564792,1,1
12,121.0,608.92,1033.44,50.74333333333333,10.083333333333334,6.413327801025782,4.804021044733257,1,0
4,672.0,1603.52,1612.43,400.88,168.0,7.380579925414574,6.511745329644728,0,1
11,496.0,373.98,1152.99,33.99818181818182,45.09090909090909,5.926872691214805,6.208590026096629,1,0
1,211.0,958.08,891.9,958.08,211.0,6.86597449163357,5.356586274672012,0,0
1,815.0,97.89,539.36,97.89,815.0,4.5940081212819,6.704414354964107,0,1
7,237.33,1262.27,1452.17,180.3242857142857,33.90428571428571,7.141458876225594,5.473656267914107,1,0
3,1158.0,1107.4,1361.3,369.1333333333334,386.0,7.010672812988823,7.055312843339752,0,1
6,194.0,914.25,1168.72,152.375,32.333333333333336,6.819197252000346,5.272999558563747,0,0
6,1044.0,47.46,1133.45,7.91,174.0,3.8807387153883797,6.951772164398911,0,1
1,276.85,485.54,361.66,485.54,276.85,6.187319118184521,5.62708139972593,0,0
5,195.73,1228.49,511.23,245.698,39.146,7.114354728235615,5.281832230288174,0,0
5,828.0,1606.84,1690.82,321.368,165.6,7.382646942300648,6.720220155135295,0,1
12,380.0,1526.79,1787.41,127.2325,31.666666666666668,7.331577525726498,5.942799375126701,1,0
14,1015.0,871.76,1846.41,62.26857142857143,72.5,6.77166060395445,6.923628628138427,1,1
7,847.0,1994.62,1851.7,284.94571428571425,121.0,7.598710057985168,6.742880635791903,1,1
3,1007.56,187.52,764.64,62.50666666666667,335.8533333333333,5.23920410205553,6.916278849923014,0,1
3,1027.0,180.0,804.96,60.0,342.3333333333333,5.198497031265826,6.93537044601511,0,1
5,754.0,489.99,765.13,97.998,150.8,6.196423760988341,6.626717749249025,0,1
5,763.0,1420.94,1777.14,284.188,152.6,7.259777415380164,6.638567789166521,0,1
7,309.0,1021.75,1309.85,145.96428571428572,44.142857142857146,6.930250356809508,5.736572297479192,1,0
10,454.0,2359.42,1619.0,235.942,45.4,7.766594848287262,6.12029741895095,1,0
3,334.0,2449.89,1472.53,816.63,111.33333333333333,7.804206502880028,5.814130531825066,0,0
8,633.0,1308.36,1639.12,163.545,79.125,7.177293747197629,6.452048954437226,1,1
2,68.0,756.61,648.53,378.305,34.0,6.630168741362368,4.23410650459726,0,0
7,1000.0,1620.46,1971.23,231.49428571428572,142.85714285714286,7.391082256926294,6.90875477931522,1,1
1,362.79,749.19,636.51,749.19,362.79,6.620326507780219,5.896576778075664,0,0
3,80.0,21.05,366.87,7.016666666666667,26.666666666666668,3.093312601892855,4.394449154672439,0,0
6,577.0,897.74,1257.31,149.62333333333333,96.16666666666667,6.800993782408683,6.359573868672378,0,1
6,367.0,1947.68,1606.76,324.61333333333334,61.166666666666664,7.574907499264997,5.908082938168931,0,0
8,610.0,208.29,841.27,26.03625,76.25,5.343720850001886,6.415096959171596,1,1
9,602.0,186.69,1085.4,20.743333333333332,66.88888888888889,5.234791665668158,6.401917196727186,1,1
6,818.0,1130.38,1704.06,188.39666666666668,136.33333333333334,7.03119340553874,6.70808408385307,0,1
12,986.0,2390.92,1760.0,199.24333333333334,82.16666666666667,7.779851669695178,6.894670039433482,1,1
3,1013.0,166.52,711.07,55.50666666666667,337.6666666666667,5.121102747122227,6.921658184151129,0,1
11,684.0,672.51,1487.93,61.13727272727272,62.18181818181818,6.512502843550139,6.529418838262226,1,1
10,5.0,1338.9,1610.25,133.89000000000001,0.5,7.200350263294562,1.791759469228055,1,0
5,919.0,470.23,1119.17,94.046,183.8,6.155346297543303,6.824373670043086,0,1
3,1020.39,250.62,779.08,83.54,340.13,5.527920012922985,6.928919723681966,0,1
13,235.0,426.07,897.26,32.77461538461539,18.076923076923077,6.056947934219075,5.4638318050256105,1,0
1,37.0,1397.17,1092.94,1397.17,37.0,7.2429195176897805,3.6375861597263857,0,0
11,708.0,1871.77,1916.37,170.1609090909091,64.36363636363636,7.535173897253012,6.5638555265321274,1,1
5,477.0,655.24,935.38,131.048,95.4,6.486526575694494,6.169610732491456,0,0
14,1020.0,1201.75,2337.73,85.83928571428571,72.85714285714286,7.092365880579563,6.928537818164665,1,1
14,530.0,2028.06,2079.14,144.86142857142858,37.857142857142854,7.615327910605943,6.274762021241939,1,1
12,852.0,1957.9,1944.89,163.15833333333333,71.0,7.5801383701893545,6.748759547491679,1,1
4,470.0,1968.63,1501.1,492.1575,117.5,7.585600986833281,6.154858094016418,0,0
11,815.0,2385.6,1872.44,216.87272727272727,74.0909090909091,7.777625037935556,6.704414354964107,1,1
4,724.0,89.99,667.98,22.4975,181.0,4.5107496103686,6.586171654854675,0,1
6,384.0,1656.04,1682.33,276.00666666666666,64.0,7.412788157147268,5.953243334287785,0,0
2,826.0,2163.39,1523.26,1081.695,413.0,7.679893845539833,6.717804695023691,0,1
4,420.0,927.74,1238.04,231.935,105.0,6.833828828813841,6.042632833682381,0,0
10,816.0,1425.64,1872.81,142.56400000000002,81.6,7.263077308144258,6.705639094860003,1,1
4,1048.0,279.75,780.15,69.9375,262.0,5.637464593618552,6.955592608396297,0,1
8,403.0,654.97,895.14,81.87125,50.375,6.4861150561910454,6.0014148779611505,1,0
10,459.0,2183.11,1559.59,218.311,45.9,7.688963701896823,6.131226489483141,1,0
7,344.0,1242.05,1514.4,177.43571428571428,49.142857142857146,7.125323315963161,5.84354441703136,1,0
7,1185.0,1768.01,2072.18,252.57285714285715,169.28571428571428,7.478175347055057,7.078341579557671,1,1
1,58.0,5.86,117.24,5.86,58.0,1.925707441737794,4.07753744390572,0,0
5,781.0,672.91,1125.36,134.582,156.2,6.513096570838958,6.661854740545311,0,1
1,893.0,19.76,570.71,19.76,893.0,3.033028058297688,6.795705775173514,0,1
3,981.0,2008.83,1539.47,669.61,327.0,7.605805420361848,6.889591308354466,0,1
8,488.0,439.7,1030.13,54.9625,61.0,6.088364371847941,6.192362489474872,1,0
14,1090.0,2248.68,1905.5,160.61999999999998,77.85714285714286,7.718543262861704,6.994849985833071,1,1
5,592.0,433.75,869.0,86.75,118.4,6.074771153234392,6.385194398997726,0,1
12,1139.0,124.65,1314.3,10.387500000000001,94.91666666666667,4.833500263989602,7.038783541388542,1,1
4,348.0,2047.08,1507.04,511.77,87.0,7.624658047896479,5.855071922202427,0,0
10,955.0,1182.33,1950.3,118.23299999999999,95.5,7.076087776895976,6.862757913051401,1,1
6,172.0,1977.78,1603.89,329.63,28.666666666666668,7.590235772166839,5.153291594497779,0,0
8,1187.0,1045.91,2047.06,130.73875,148.375,6.953598247290388,7.080026499922591,1,1
8,323.0,46.48,703.45,5.81,40.375,3.860308569741467,5.780743515792329,1,0
11,372.0,2048.26,1632.61,186.20545454545456,33.81818181818182,7.625234031355319,5.921578419643816,1,0
12,1065.0,203.2,1408.25,16.933333333333334,88.75,5.319099905730565,6.97166860472579,1,1
14,457.0,848.61,1492.64,60.615,32.642857142857146,6.744777420663227,6.126869184114185,1,0
1,359.62,221.15,255.57,221.15,359.62,5.403352829381918,5.887824772348222,0,0
9,994.0,1742.62,1849.58,193.62444444444444,110.44444444444444,7.4637186908192135,6.902742737158593,1,1
3,842.0,865.37,1251.14,288.45666666666665,280.6666666666667,6.764312069048505,6.736966958001855,0,1
8,801.0,1241.21,1780.65,155.15125,100.125,7.1246473303262565,6.687108607866515,1,1
10,965.0,1851.28,1805.77,185.128,96.5,7.524172591683353,6.873163834212518,1,1
13,922.0,1510.22,1967.87,116.17076923076924,70.92307692307692,7.320672550615341,6.827629234502852,1,1
12,10.0,1203.1,1564.9,100.25833333333333,0.8333333333333334,7.093487678898173,2.3978952727983707,1,0
13,756.0,954.4,1793.07,73.41538461538461,58.15384615384615,6.862130100955861,6.6293632534374485,1,1
1,601.0,497.7,644.12,497.7,601.0,6.212004712552077,6.400257445308821,0,1
6,436.0,914.53,1389.11,152.42166666666665,72.66666666666667,6.819503132556374,6.07993319509559,0,0
10,683.0,2442.92,1643.68,244.292,68.3,7.80135858653152,6.52795791762255,1,1
2,958.0,1855.58,1549.54,927.79,479.0,7.526491364528191,6.8658910748834385,0,1
3,127.0,293.49,303.2,97.83,42.333333333333336,5.685245046657743,4.852030263919617,0,0
12,128.0,477.17,874.99,39.76416666666667,10.666666666666666,6.169966317799071,4.859812404361672,1,0
11,955.0,1282.19,2000.42,116.56272727272727,86.81818181818181,7.157104444064428,6.862757913051401,1,1
8,266.87,252.08,880.41,31.51,33.35875,5.533705644278683,5.590501788197235,1,0
5,644.0,2383.17,1785.53,476.634,128.8,7.7766063343677265,6.4692503167957724,0,1
8,1025.0,1031.33,2214.64,128.91625,128.125,6.939573662368656,6.933423025730715,1,1
3,154.0,274.04,406.91,91.34666666666668,51.333333333333336,5.616916541634539,5.043425116919247,0,0
14,865.0,1422.11,1921.18,101.5792857142857,61.785714285714285,7.260599896578003,6.763884908562435,1,1
5,126.44,696.14,845.35,139.228,25.288,6.546986251422825,4.847645665601793,0,0
8,302.24,1046.04,1353.77,130.755,37.78,6.953722414534273,5.714524571188103,1,0
11,741.0,1207.39,1878.06,109.76272727272728,67.36363636363636,7.0970441740727805,6.60934924316738,1,1
1,1112.0,2011.44,1423.85,2011.44,1112.0,7.6071031951836865,7.014814351275545,0,1
8,467.0,1178.71,1483.33,147.33875,58.375,7.073023924543242,6.148468295917647,1,0
2,1189.0,1164.74,1666.52,582.37,594.5,7.061111357483076,7.081708586105575,0,1
3,327.0,2141.92,1438.41,713.9733333333334,109.0,7.669924663932154,5.793013608384144,0,0
4,825.0,874.99,784.52,218.7475,206.25,6.77535467534612,6.716594773520978,0,1
12,882.0,1958.14,1944.88,163.17833333333334,73.5,7.580260880424217,6.78332520060396,1,1
9,218.0,1203.45,1561.63,133.71666666666667,24.22222222222222,7.0937783101929055,5.389071729816501,1,0
5,116.0,478.1,624.04,95.62,23.2,6.171909343889077,4.762173934797756,0,0
5,285.0,974.73,1282.84,194.946,57.0,6.883185908797108,5.655991810819852,0,0
3,399.0,141.39,546.04,47.129999999999995,133.0,4.958569771792903,5.991464547107982,0,0
3,864.0,2338.52,1513.04,779.5066666666667,288.0,7.757701059104951,6.762729506931879,0,1
9,483.0,52.64,949.04,5.848888888888889,53.666666666666664,3.9822950584134778,6.182084906716632,1,0
1,9.0,2246.28,1120.22,2246.28,9.0,7.7174758750139745,2.302585092994046,0,0
13,360.0,271.93,1017.64,20.91769230769231,27.692307692307693,5.609215352049819,5.8888779583328805,1,0
3,186.0,1068.31,1152.04,356.1033333333333,62.0,6.974768859631348,5.231108616854587,0,0
1,735.0,1676.9,1365.21,1676.9,735.0,7.425298290495652,6.601230118728877,0,1
6,628.0,311.47,903.3,51.91166666666667,104.66666666666667,5.744508464568161,6.444131256700441,0,1
11,322.0,1251.3,1732.46,113.75454545454545,29.272727272727273,7.132737139569986,5.777652323222656,1,0
6,835.0,1404.28,1765.79,234.04666666666665,139.16666666666666,7.247991850168807,6.728628613084702,0,1
9,194.34,1054.93,1374.9,117.21444444444445,21.593333333333334,6.9621771741902805,5.274741630019331,1,0
4,205.0,545.57,682.22,136.3925,51.25,6.303662387245703,5.327876168789581,0,0
12,566.0,2013.7,1752.03,167.80833333333334,47.166666666666664,7.608225579921863,6.340359303727752,1,1
10,888.0,298.68,1171.54,29.868000000000002,88.8,5.702715238695778,6.790097235513905,1,1
7,789.0,185.73,966.26,26.532857142857143,112.71428571428571,5.229663723230988,6.672032945461067,1,1
6,909.0,1332.18,1720.21,222.03,151.5,7.195322344820911,6.813444599510896,0,1
4,1194.0,2250.51,1691.15,562.6275,298.5,7.719356381215219,7.085901464365611,0,1
12,508.0,1970.54,1770.91,164.21166666666667,42.333333333333336,7.5865702422318195,6.2324480165505225,1,1
14,94.0,105.94,1180.63,7.567142857142857,6.714285714285714,4.672267929520586,4.553876891600541,1,0
11,927.0,1306.37,1804.68,118.76090909090908,84.27272727272727,7.175772764609714,6.833031732786201,1,1
2,147.0,17.43,325.56,8.715,73.5,2.9139797716817317,4.997212273764115,0,0
13,137.0,1505.66,1777.72,115.82000000000001,10.538461538461538,7.317650559369617,4.927253685157205,1,0
5,351.0,407.74,883.11,81.548,70.2,6.01307925708039,5.863631175598097,0,0
11,226.0,2013.45,1590.82,183.04090909090908,20.545454545454547,7.608101484268775,5.424950017481403,1,0
7,776.0,2447.82,1826.93,349.68857142857144,110.85714285714286,7.80336155486345,6.655440350367647,1,1
5,152.0,2444.81,1523.75,488.962,30.4,7.8021316353886645,5.030437921392435,0,0
4,72.0,1367.29,1302.97,341.8225,18.0,7.221317064020244,4.290459441148391,0,0
5,764.0,848.75,1468.46,169.75,152.8,6.744942188576226,6.639875833826536,0,1
10,164.0,1144.9,1516.43,114.49000000000001,16.4,7.043945633432402,5.10594547390058,1,0
12,49.0,1118.38,1494.81,93.19833333333334,4.083333333333333,7.020530239583336,3.912023005428146,1,0
2,798.0,2334.41,1485.4,1167.205,399.0,7.755942743554174,6.683360945766275,0,1
8,77.0,1930.98,1485.69,241.3725,9.625,7.566300662752008,4.356708826689592,1,0
2,752.0,958.29,1144.41,479.145,376.0,6.866193427501874,6.6240652277998935,0,1
11,447.0,130.07,852.02,11.824545454545454,40.63636363636363,4.8757315316314545,6.104793232414985,1,0
1,123.0,2076.65,1171.68,2076.65,123.0,7.638992726289217,4.820281565605037,0,0
12,64.0,1641.01,1710.72,136.75083333333333,5.333333333333333,7.403676380127812,4.174387269895637,1,0
5,1050.0,882.86,1430.04,176.572,210.0,6.784298679054902,6.957497370876951,0,1
2,1029.0,1702.6,1577.55,851.3,514.5,7.440498938049059,6.937314081223682,0,1
5,1077.0,2234.35,1665.23,446.87,215.4,7.712153094339812,6.982862751468942,0,1
1,59.0,8.31,120.65,8.31,59.0,2.231089091288976,4.0943445622221,0,0
5,66.13,848.03,1050.25,169.606,13.225999999999999,6.744094521376103,4.20663103795066,0,0
4,262.0,1681.28,1435.34,420.32,65.5,7.427905295168445,5.572154032177765,0,0
9,576.0,1059.79,1547.5,117.75444444444445,64.0,6.966769192539503,6.3578422665081,1,1
1,872.0,2420.07,1456.34,2420.07,872.0,7.7919648701921025,6.771935555839602,0,1
12,466.0,1291.33,1770.37,107.61083333333333,38.833333333333336,7.16420206968559,6.1463292576688975,1,0
6,45.0,81.59,522.58,13.598333333333334,7.5,4.413888607822626,3.828641396489095,0,0
8,276.28,1179.9,1522.6,147.4875,34.535,7.074032138607236,5.625027825967296,1,0
8,1124.0,1908.69,1833.27,238.58625,140.5,7.554696204203089,7.025538314638521,1,1
12,713.0,1642.01,1873.19,136.83416666666668,59.416666666666664,7.404285204446013,6.570882962339584,1,1
12,757.0,897.4,1780.07,74.78333333333333,63.083333333333336,6.800615403424233,6.630683385642372,1,1
3,70.0,631.88,564.16,210.62666666666667,23.333333333333332,6.450280830713141,4.2626798770413155,0,0
12,37.0,52.65,789.01,4.3875,3.0833333333333335,3.9824814690767076,3.6375861597263857,1,0
1,1058.0,1601.04,1465.9,1601.04,1058.0,7.379033096105603,6.9650803456014065,0,1
9,460.0,2424.47,1624.68,269.3855555555555,51.111111111111114,7.793780599024982,6.133398042996649,1,0
12,1074.0,2407.71,1843.97,200.6425,89.5,7.786846613467185,6.980075940561763,1,1
13,145.0,2202.42,1716.13,169.41692307692307,11.153846153846153,7.697765977745954,4.983606621708336,1,0
5,586.0,2135.36,1661.61,427.072,117.2,7.666858725204771,6.375024819828097,0,1
3,278.0,994.9,1167.78,331.6333333333333,92.66666666666667,6.9036468509375934,5.631211781821365,0,0
8,435.0,1129.65,1525.26,141.20625,54.375,7.030547967569003,6.077642243349034,1,0
13,1152.0,864.45,1797.14,66.49615384615385,88.61538461538461,6.763249602872408,7.050122520269059,1,1
11,558.0,1549.86,1823.47,140.89636363636362,50.72727272727273,7.3465648947568845,6.326149473155099,1,1
5,14.0,78.33,406.7,15.666,2.8,4.373616367313912,2.70805020110221,0,0
2,622.0,1871.56,1494.23,935.78,311.0,7.535061757601649,6.434546518787453,0,1
1,133.0,8.34,179.06,8.34,133.0,2.234306252240751,4.897839799950911,0,0
1,716.0,1396.41,1376.59,1396.41,716.0,7.242375802239875,6.57507584059962,0,1
11,916.0,1036.91,2098.07,94.26454545454546,83.27272727272727,6.944964354764409,6.821107472256465,1,1
11,1095.0,1071.83,2159.33,97.43909090909091,99.54545454545455,6.978055295782294,6.999422467507961,1,1
7,83.0,137.84,482.65,19.69142857142857,11.857142857142858,4.933322190993586,4.430816798843313,1,0
1,678.0,1478.57,1370.31,1478.57,678.0,7.29950678400254,6.520621127558696,0,1
8,204.0,2178.45,1506.38,272.30625,25.5,7.686827830373774,5.3230099791384085,1,0
11,775.0,1752.23,1809.29,159.29363636363635,70.45454545454545,7.4692150799656725,6.654152520183219,1,1
10,160.0,2272.56,1642.15,227.256,16.0,7.729102163943879,5.081404364984463,1,0
9,1078.0,161.85,1260.96,17.983333333333334,119.77777777777777,5.092829531722242,6.983789965258135,1,1
4,180.0,2365.46,1443.02,591.365,45.0,7.7691504466046775,5.198497031265826,0,0
2,941.0,1565.77,1432.79,782.885,470.5,7.356771454301752,6.848005274576363,0,1
5,794.0,511.0,1139.94,102.2,158.8,6.238324625039508,6.678342114654332,0,1
6,840.0,870.82,1496.46,145.13666666666668,140.0,6.770582980582674,6.734591659972948,0,1
8,312.0,2383.17,1557.27,297.89625,39.0,7.7766063343677265,5.746203190540153,1,0
1,759.0,330.29,500.92,330.29,759.0,5.8029941247271495,6.633318433280377,0,1
13,247.0,2339.61,1705.9,179.97,19.0,7.758166858140323,5.5134287461649825,1,0
11,772.0,932.31,1575.52,84.75545454545454,70.18181818181819,6.8387374071826805,6.650279048587422,1,1
5,367.0,290.78,742.25,58.15599999999999,73.4,5.676000093643749,5.908082938168931,0,0
8,916.0,2417.62,1755.05,302.2025,114.5,7.790952408563657,6.821107472256465,1,1
8,1159.0,2175.27,1752.18,271.90875,144.875,7.68536768116079,7.05617528410041,1,1
1,432.0,581.71,448.34,581.71,432.0,6.367689635491389,6.07073772800249,0,0
13,11.0,1114.96,1555.48,85.76615384615386,0.8461538461538461,7.017470300004999,2.4849066497880004,1,0
1,682.0,1517.04,1376.04,1517.04,682.0,7.325175308069541,6.52649485957079,0,1
11,24.0,2029.04,1569.37,184.45818181818183,2.1818181818181817,7.6158107762752,3.2188758248682006,1,0
12,307.0,957.17,1432.75,79.76416666666667,25.583333333333332,6.865025215255074,5.730099782973574,1,0
2,634.0,1739.81,1490.51,869.905,317.0,7.462105801130418,6.453624998892692,0,1
3,760.0,2073.25,1522.45,691.0833333333334,253.33333333333334,7.637354921544395,6.634633357861686,0,1
2,762.0,519.74,752.69,259.87,381.0,6.255250876884208,6.637258031284457,0,1
6,373.0,587.38,956.61,97.89666666666666,62.166666666666664,6.377372997666928,5.924255797414532,0,0
5,247.0,296.51,594.93,59.302,49.4,5.695447837866143,5.5134287461649825,0,0
6,290.0,814.04,1077.35,135.67333333333332,48.333333333333336,6.703237191791092,5.673323267171493,0,0
10,877.0,1711.12,1897.37,171.112,87.7,7.4454876477031995,6.777646593635117,1,1
7,250.0,364.79,718.71,52.112857142857145,35.714285714285715,5.902059398240283,5.5254529391317835,1,0
10,1145.0,311.43,1366.61,31.143,114.5,5.744380444084709,7.044032897274685,1,1
7,1086.0,2319.81,1858.36,331.40142857142854,155.14285714285714,7.749671541656925,6.99117688712121,1,1
11,1179.0,31.36,1550.55,2.850909090909091,107.18181818181819,3.4769230921902907,7.07326971745971,1,1
6,751.0,2085.98,1757.81,347.66333333333336,125.16666666666667,7.643473323897598,6.62273632394984,0,1
5,567.0,193.11,718.3,38.622,113.4,5.268425008683,6.342121418721152,0,1
11,293.0,1410.0,1673.7,128.1818181818182,26.636363636363637,7.252053951852814,5.683579767338681,1,0
6,72.85,457.75,666.59,76.29166666666667,12.141666666666666,6.12850539936878,4.302036008977389,0,0
10,377.0,301.96,837.36,30.195999999999998,37.7,5.713600783593539,5.934894195619588,1,0
5,1143.0,1217.72,1745.09,243.544,228.6,7.105556406624478,7.042286171939743,0,1
2,794.32,402.31,671.06,201.155,397.16,5.99970549700956,6.67874454938988,0,1
5,1085.0,2486.43,1664.83,497.28599999999994,217.0,7.819005327933273,6.990256500493881,0,1
3,289.0,1245.67,1279.31,415.22333333333336,96.33333333333333,7.128231275533685,5.66988092298052,0,0
8,1134.0,1049.84,2073.13,131.23,141.75,6.957345123322133,7.034387929915503,1,1
8,107.0,2450.89,1468.19,306.36125,13.375,7.804614434712119,4.68213122712422,1,0
7,300.0,2417.85,1634.04,345.40714285714284,42.857142857142854,7.791047499592716,5.707110264748875,1,0
7,951.0,584.4,1253.76,83.48571428571428,135.85714285714286,6.372295374257785,6.858565034791365,1,1
6,222.08,709.07,1031.34,118.17833333333334,37.013333333333335,6.565363556724829,5.407530451521353,0,0
12,765.0,1343.97,1953.03,111.9975,63.75,7.204126986954469,6.641182169740591,1,1
4,69.0,2321.49,322.0,580.3725,17.25,7.750395164973665,4.248495242049359,0,0
13,996.0,1809.2,1956.89,139.16923076923078,76.61538461538461,7.50119261539307,6.904750769961838,1,1
4,317.0,1793.28,1518.93,448.32,79.25,7.492359106248429,5.762051382780177,0,0
4,1000.0,2355.34,1699.56,588.835,250.0,7.764864846753333,6.90875477931522,0,1
10,631.0,1220.71,1730.86,122.071,63.1,7.1080067956920585,6.448889394146858,1,1
7,1071.0,841.11,1699.9,120.15857142857143,153.0,6.735910647039658,6.977281341630747,1,1
7,950.0,1739.62,2032.23,248.51714285714283,135.71428571428572,7.4619966505801045,6.85751406254539,1,1
3,121.0,21.17,464.07,7.0566666666666675,40.333333333333336,3.09874002362822,4.804021044733257,0,0
14,174.0,815.3,1295.14,58.23571428571428,12.428571428571429,6.70478193445731,5.1647859739235145,1,0
5,414.0,967.0,1368.94,193.4,82.8,6.875232087276577,6.028278520230698,0,0
7,194.0,202.49,686.23,28.927142857142858,27.714285714285715,5.315616863626098,5.272999558563747,1,0
7,256.0,2180.53,1548.87,311.50428571428574,36.57142857142857,7.6877817444746075,5.54907608489522,1,0
11,920.0,1338.65,1871.27,121.69545454545455,83.63636363636364,7.200163664798005,6.825460036255307,1,1
14,1184.0,2269.89,1943.24,162.135,84.57142857142857,7.727927104120481,7.077498053569231,1,1
8,1009.0,1378.07,1903.76,172.25875,126.125,7.229164637926305,6.917705609835305,1,1
10,797.0,1706.73,1724.42,170.673,79.7,7.4429202822273215,6.682108597449809,1,1
5,629.0,484.34,1029.87,96.868,125.8,6.184849676257916,6.4457198193855785,0,1
9,896.0,1398.54,1727.1,155.39333333333332,99.55555555555556,7.24389889018336,6.799055862058796,1,1
12,437.0,639.96,1183.74,53.330000000000005,36.416666666666664,6.462967052477453,6.082218910376446,1,0
10,314.0,1098.8,1539.1,109.88,31.4,7.002883624073714,5.752572638825633,1,0
1,1068.0,2011.28,1421.45,2011.28,1068.0,7.607023686547018,6.974478911025045,0,1
7,1176.0,2489.13,1921.16,355.59000000000003,168.0,7.820090196931261,7.0707241072602764,1,1
3,196.0,1211.68,1229.87,403.8933333333334,65.33333333333333,7.100588065401739,5.2832037287379885,0,0
12,528.0,2476.41,1662.88,206.36749999999998,44.0,7.8149689386018215,6.270988431858299,1,1
4,1001.0,739.08,1116.31,184.77,250.25,6.606758288463063,6.90975328164481,0,1
7,753.0,358.13,1084.79,51.16142857142857,107.57142857142857,5.883684439931388,6.625392368007956,1,1
1,1035.0,1289.84,1317.33,1289.84,1035.0,7.1630484482319146,6.943122422819428,0,1
13,632.0,268.91,1396.28,20.685384615384617,48.61538461538461,5.598088570097137,6.450470422144176,1,1
4,764.0,1417.94,1682.1,354.485,191.0,7.257665392967982,6.639875833826536,0,1
11,605.0,1880.69,1711.55,170.97181818181818,55.0,7.539925588193065,6.406879986069314,1,1
9,816.0,1171.81,1780.58,130.20111111111112,90.66666666666667,7.067157857699037,6.705639094860003,1,1
6,907.0,1650.17,1737.86,275.02833333333336,151.16666666666666,7.409239406517542,6.811244378601294,0,1
2,570.0,2297.12,1423.86,1148.56,285.0,7.739846676366469,6.3473892096560105,0,1
3,275.0,543.74,572.73,181.24666666666667,91.66666666666667,6.300308616611721,5.62040086571715,0,0
6,836.0,2035.17,1718.79,339.195,139.33333333333334,7.618825871237774,6.729824070489475,0,1
9,633.0,888.17,1384.78,98.68555555555555,70.33333333333333,6.7902884433292625,6.452048954437226,1,1
11,1004.0,167.15,1175.65,15.195454545454545,91.27272727272727,5.124856438186279,6.912742820493176,1,1
7,336.0,1843.58,1691.68,263.36857142857144,48.0,7.520006888283769,5.820082930352362,1,0
5,831.0,591.65,1090.31,118.33,166.2,6.384604005525509,6.723832440821209,0,1
8,817.0,1455.73,1847.26,181.96625,102.125,7.283949476737243,6.706862336602747,1,1
9,97.85,518.56,850.57,57.617777777777775,10.872222222222222,6.252982299539083,4.593603549616626,1,0
4,810.0,1852.31,1575.87,463.0775,202.5,7.524728508569207,6.698268054115413,0,1
7,1054.0,576.47,1344.18,82.35285714285715,150.57142857142858,6.358656492994654,6.961296045910167,1,1
9,1096.0,1690.22,1894.85,187.8022222222222,121.77777777777777,7.43320544096847,7.00033446027523,1,1
3,240.0,1895.67,1386.33,631.89,80.0,7.547854995919967,5.484796933490655,0,0
9,118.0,1285.82,1539.77,142.86888888888888,13.11111111111111,7.159929337674925,4.77912349311153,1,0
12,495.0,1948.13,1831.92,162.34416666666667,41.25,7.575138398155398,6.206575926724928,1,0
8,1012.0,2390.84,1732.12,298.855,126.5,7.779818223201204,6.920671504248683,1,1
10,831.0,39.86,982.64,3.9859999999999998,83.1,3.710151589389476,6.723832440821209,1,1
13,1024.0,1712.85,2097.69,131.7576923076923,78.76923076923077,7.446497580742336,6.932447891572509,1,1
9,259.96,554.74,835.54,61.63777777777778,28.88444444444444,6.320300558980213,5.564367138872703,1,0
5,733.0,41.18,771.83,8.236,146.6,3.7419461750506287,6.598509028614515,0,1
6,597.0,888.84,1395.65,148.14000000000001,99.5,6.791041671283774,6.393590753950631,0,1
2,1175.0,816.2,1237.62,408.1,587.5,6.705883862943467,7.069874128458572,0,1
2,18.0,2503.46,1206.95,1251.73,9.0,7.825828421418382,2.9444389791664403,0,0
14,49.0,954.02,1480.87,68.14428571428572,3.5,6.861732282669818,3.912023005428146,1,0
12,180.0,384.42,873.97,32.035000000000004,15.0,5.954333648769775,5.198497031265826,1,0
12,46.0,2077.07,1666.29,173.08916666666667,3.8333333333333335,7.639194857328571,3.8501476017100584,1,0
3,512.0,1251.6,1360.76,417.2,170.66666666666666,7.132976670091312,6.240275845170769,0,1
11,913.0,2253.41,1758.56,204.85545454545453,83.0,7.720643576904627,6.81783057145415,1,1
11,663.0,2141.08,1715.29,194.64363636363635,60.27272727272727,7.669532598582907,6.498282149476434,1,1
6,233.7,346.98,648.57,57.830000000000005,38.949999999999996,5.85214500685857,5.458308102856978,0,0
1,170.0,2452.85,1209.08,2452.85,170.0,7.8054134987082895,5.14166355650266,0,0
2,730.0,285.24,624.78,142.62,365.0,5.6568306197604095,6.594413459749778,0,1
4,422.0,2049.71,1491.9,512.4275,105.5,7.625941353633508,6.0473721790462776,0,0
3,289.0,853.79,969.85,284.59666666666664,96.33333333333333,6.7508558247336055,5.66988092298052,0,0
11,532.0,2419.86,1653.69,219.98727272727274,48.36363636363637,7.791878127921921,6.278521424165844,1,1
13,1055.0,2005.84,1997.52,154.29538461538462,81.15384615384616,7.6043166246418705,6.962243464266207,1,1
3,779.0,2110.9,1520.73,703.6333333333333,259.6666666666667,7.655343295220328,6.659293919683638,0,1
2,521.0,467.19,667.85,233.595,260.5,6.148874196434868,6.257667587882639,0,1
10,108.0,2181.67,1632.42,218.167,10.8,7.688304177005623,4.6913478822291435,1,0
8,534.0,429.88,916.02,53.735,66.75,6.0658296290632885,6.282266746896006,1,1
7,381.0,2342.27,1705.24,334.61,54.42857142857143,7.759302668744337,5.945420608606575,1,0
12,988.0,2492.79,1753.84,207.7325,82.33333333333333,7.8215589206097835,6.8966943316227125,1,1
11,327.0,961.08,1356.46,87.3709090909091,29.727272727272727,6.869097607291258,5.793013608384144,1,0
5,908.0,716.7,1375.88,143.34,181.6,6.576051654436026,6.812345094177479,0,1
8,1142.0,776.74,1827.44,97.0925,142.75,6.65639227809303,7.04141166379481,1,1
5,651.0,1573.3,1682.08,314.65999999999997,130.2,7.361566008020583,6.480044561926653,0,1
11,1149.0,270.81,1284.51,24.61909090909091,104.45454545454545,5.605103292798889,7.047517221357296,1,1
2,875.0,393.25,640.56,196.625,437.5,5.976985225843148,6.775366090936392,0,1
8,1166.0,99.47,1149.07,12.43375,145.75,4.609859175474223,7.062191632286556,1,1
1,482.0,1697.08,1198.24,1697.08,482.0,7.437253480013513,6.180016653652572,0,0
14,487.0,579.29,1516.68,41.37785714285714,34.785714285714285,6.363527978582116,6.1903154058531475,1,0
3,1187.0,1632.14,1451.85,544.0466666666667,395.6666666666667,7.398259821077702,7.080026499922591,0,1
8,297.64,481.09,835.08,60.13625,37.205,6.17813081861192,5.699238834606328,1,0
6,248.0,395.4,710.15,65.89999999999999,41.333333333333336,5.982423802455833,5.517452896464707,0,0
7,987.0,2164.1,1839.67,309.15714285714284,141.0,7.680221828746337,6.895682697747868,1,1
1,791.0,1927.75,1419.88,1927.75,791.0,7.56462740367737,6.674561391814426,0,1
5,96.0,1105.47,1312.16,221.094,19.2,7.008930046606608,4.574710978503383,0,0
8,392.0,661.27,978.13,82.65875,49.0,6.495673327771666,5.973809611869261,1,0
14,81.0,1251.97,1682.62,89.42642857142857,5.785714285714286,7.133272012071532,4.406719247264253,1,0
14,383.0,97.95,1203.93,6.996428571428572,27.357142857142858,4.594614672048575,5.950642552587727,1,0
9,51.0,314.81,704.94,34.97888888888889,5.666666666666667,5.755140766931343,3.9512437185814275,1,0
9,662.0,2275.59,1599.27,252.84333333333336,73.55555555555556,7.730433988366315,6.4967749901858625,1,1
14,1020.0,510.33,1406.95,36.45214285714285,72.85714285714286,6.2370151743330196,6.928537818164665,1,1
5,1116.0,2460.46,1711.97,492.092,223.2,7.808509948812309,7.018401799069201,0,1
13,1034.0,2477.98,1842.24,190.61384615384617,79.53846153846153,7.815602464233384,6.942156705699469,1,1
1,1113.0,1536.0,1403.6,1536.0,1113.0,7.337587743538596,7.01571242048723,0,1
6,924.0,1227.21,1871.76,204.535,154.0,7.11331310385857,6.829793737512425,0,1
1,1092.0,390.55,589.11,390.55,1092.0,5.9701132211969465,6.996681488176539,0,1
14,113.0,1091.13,1703.02,77.93785714285715,8.071428571428571,6.995885196838293,4.736198448394496,1,0
10,796.0,1352.08,2000.19,135.208,79.6,7.2101387542868105,6.680854678790215,1,1
4,725.0,588.9,1097.95,147.225,181.25,6.3799530310090296,6.587550014824796,0,1
5,579.0,1018.52,1468.01,203.704,115.8,6.927087207281629,6.363028103540465,0,1
14,267.0,2090.21,1968.4,149.3007142857143,19.071428571428573,7.645498124801906,5.5909869805108565,1,0
14,68.0,438.96,866.76,31.354285714285712,4.857142857142857,6.086683813688916,4.23410650459726,1,0
5,72.0,977.67,1156.55,195.534,14.4,6.8861945070550465,4.290459441148391,0,0
1,752.0,1632.35,1362.39,1632.35,752.0,7.398388399460179,6.6240652277998935,0,1
14,1122.0,1766.25,2239.35,126.16071428571429,80.14285714285714,7.477179945051064,7.023758954738443,1,1
6,471.0,332.51,872.19,55.41833333333333,78.5,5.809672849913634,6.156978985585555,0,0
10,396.0,2068.65,1556.68,206.865,39.6,7.635134789837817,5.983936280687191,1,0
4,380.0,446.66,764.24,111.665,95.0,6.104034015711478,5.942799375126701,0,0
8,15.0,377.85,657.8,47.23125,1.875,5.937140348377382,2.772588722239781,1,0
3,213.0,1724.85,1344.71,574.9499999999999,71.0,7.4534749617254485,5.365976015021851,0,0
5,132.0,2387.03,1454.05,477.40600000000006,26.4,7.778224037247652,4.890349128221754,0,0
3,1109.0,2092.26,1436.66,697.4200000000001,369.6666666666667,7.646477938333372,7.01211529430638,0,1
11,176.0,1050.67,1444.13,95.51545454545455,16.0,6.9581346558742885,5.176149732573829,1,0
13,70.0,993.7,1492.02,76.43846153846154,5.384615384615385,6.902441184158368,4.2626798770413155,1,0
2,1158.0,2355.92,1528.91,1177.96,579.0,7.7651109609091105,7.055312843339752,0,1
7,287.0,2293.5,1558.09,327.64285714285717,41.0,7.738270233834888,5.662960480135946,1,0
7,868.0,625.09,1403.48,89.29857142857144,124.0,6.439494130734238,6.767343125265392,1,1
12,574.0,2240.9,1785.72,186.74166666666667,47.833333333333336,7.715078999604354,6.354370040797351,1,1
14,1153.0,346.58,1292.93,24.755714285714284,82.35714285714286,5.850994854336587,7.050989447068045,1,1
11,1013.0,1483.3,1952.8,134.84545454545454,92.0909090909091,7.302698559630719,6.921658184151129,1,1
13,32.0,232.43,805.12,17.87923076923077,2.4615384615384617,5.452882246296949,3.4965075614664802,1,0
9,800.0,39.96,1158.68,4.44,88.88888888888889,3.7125959807312525,6.68586094706836,1,1
5,104.0,281.67,464.68,56.334,20.8,5.644280139507093,4.653960350157523,0,0
10,783.0,158.93,993.55,15.893,78.3,5.074736219502779,6.664409020350408,1,1
2,565.0,389.49,415.96,194.745,282.5,5.967402360757223,6.338594078203183,0,1
5,728.0,423.16,947.72,84.632,145.6,6.050110742540715,6.591673732008658,0,1
14,976.0,1526.58,1995.87,109.04142857142857,69.71428571428571,7.331440062833081,6.884486652042782,1,1
10,224.0,407.51,794.7,40.751,22.4,6.012516393804594,5.41610040220442,1,0
13,710.0,2223.86,1979.83,171.06615384615387,54.61538461538461,7.707449271272395,6.566672429803241,1,1
5,324.0,128.94,686.54,25.788,64.8,4.867072805452385,5.783825182329737,0,0
9,989.0,378.12,1193.72,42.013333333333335,109.88888888888889,5.937852777659333,6.897704943128636,1,1
4,362.0,646.43,788.53,161.6075,90.5,6.473010679621482,5.8944028342648505,0,0
9,463.0,1024.53,1476.48,113.83666666666666,51.44444444444444,6.932964831106973,6.139884552226255,1,0
7,125.0,193.62,616.24,27.66,17.857142857142858,5.271048939393843,4.836281906951478,1,0
5,387.0,1882.35,1588.8,376.46999999999997,77.4,7.5408073849907415,5.961005339623274,0,0
6,1148.0,1525.81,1776.48,254.30166666666665,191.33333333333334,7.330935870495945,7.046647277848756,0,1
10,498.0,992.86,1395.03,99.286,49.8,6.901596351666553,6.212606095751519,1,0
1,462.0,2047.57,1202.9,2047.57,462.0,7.624897267747985,6.137727054086234,0,0
1,288.72,159.26,303.94,159.26,288.72,5.076797496349925,5.668914939327125,0,0
3,771.0,725.67,1166.93,241.89,257.0,6.588472454260467,6.648984550024776,0,1
9,963.0,588.5,1434.42,65.38888888888889,107.0,6.379274719977426,6.871091294610546,1,1
7,623.0,1894.02,1739.49,270.57428571428574,89.0,7.546984671550542,6.436150368369428,1,1
2,222.0,456.24,437.4,228.12,111.0,6.125208417157578,5.407171771460119,0,0
4,197.0,1858.84,1416.33,464.71,49.25,7.5282457415018085,5.288267030694535,0,0
3,200.0,58.24,494.63,19.413333333333334,66.66666666666667,4.081596989399598,5.303304908059076,0,0
5,948.0,898.6,1499.68,179.72,189.6,6.8019502200851605,6.855408798609928,0,1
3,91.0,1640.15,1338.3,546.7166666666667,30.333333333333332,7.403152494590909,4.5217885770490405,0,0
10,621.0,978.73,1656.28,97.873,62.1,6.887277023500627,6.432940092739179,1,1
3,139.0,2428.89,1345.66,809.63,46.333333333333336,7.795601267820278,4.941642422609304,0,0
10,150.0,418.41,844.9,41.841,15.0,6.0388489617696415,5.017279836814924,1,0
8,200.0,1508.89,1461.33,188.61125,25.0,7.31979207947333,5.303304908059076,1,0
2,252.0,1545.94,1300.19,772.97,126.0,7.344034065076252,5.53338948872752,0,0
12,158.0,2195.67,1625.46,182.9725,13.166666666666666,7.694697856277974,5.0689042022202315,1,0
3,375.0,1346.21,1339.93,448.7366666666667,125.0,7.205791066263364,5.929589143389895,0,0
3,88.0,5.78,380.37,1.9266666666666667,29.333333333333332,1.9139771019523042,4.48863636973214,0,0
13,125.0,2004.61,1721.56,154.20076923076923,9.615384615384615,7.603703532870744,4.836281906951478,1,0
12,1003.0,983.23,1996.18,81.93583333333333,83.58333333333333,6.891859609576752,6.911747300251674,1,1
12,59.0,858.62,1377.35,71.55166666666666,4.916666666666667,6.756490431133336,4.0943445622221,1,0
13,855.0,1798.75,1951.77,138.3653846153846,65.76923076923077,7.495403045349413,6.752270376141742,1,1
9,131.0,1990.0,1557.2,221.11111111111111,14.555555555555555,7.596392304064196,4.882801922586371,1,0
3,80.0,517.54,457.49,172.51333333333332,26.666666666666668,6.251017170306356,4.394449154672439,0,0
11,437.0,1053.24,1630.47,95.74909090909091,39.72727272727273,6.96057540716551,6.082218910376446,1,0
8,795.0,1645.99,644.69,205.74875,99.375,7.406704658513792,6.679599185844383,1,1
3,1061.15,388.5,693.36,129.5,353.7166666666667,5.964863865310803,6.9680504347658925,0,1
13,36.0,808.38,1190.16,62.183076923076925,2.769230769230769,6.696268522474999,3.6109179126442243,1,0
1,553.0,1687.11,1295.34,1687.11,553.0,7.431364838909476,6.317164686747284,0,1
8,177.0,486.06,751.58,60.7575,22.125,6.188387318779109,5.181783550292085,1,0
14,191.0,2442.76,1798.47,174.48285714285717,13.642857142857142,7.8012931157969145,5.2574953720277815,1,0
12,218.0,901.03,1371.86,75.08583333333333,18.166666666666668,6.804647778933044,5.389071729816501,1,0
12,781.0,1159.18,1752.72,96.59833333333334,65.08333333333333,7.05633044447621,6.661854740545311,1,1
5,262.0,1173.79,1485.59,234.75799999999998,52.4,7.068844687201073,5.572154032177765,0,0
2,296.0,1878.7,1354.0,939.35,148.0,7.538867468622549,5.6937321388027,0,0
4,842.0,893.25,1324.64,223.3125,210.5,6.795985378139127,6.736966958001855,0,1
10,753.0,2054.02,1779.08,205.402,75.3,7.6280408592430735,6.625392368007956,1,1
7,1010.0,1514.03,2063.98,216.29,144.28571428571428,7.323190519727611,6.918695219020472,1,1
5,521.0,1448.55,1624.01,289.71,104.2,7.279008442420112,6.257667587882639,0,1
9,1139.0,1973.31,1759.33,219.25666666666666,126.55555555555556,7.587974249203715,7.038783541388542,1,1
11,36.0,1541.47,1593.24,140.13363636363636,3.272727272727273,7.3411403066438945,3.6109179126442243,1,0
7,670.0,1558.02,1702.81,222.5742857142857,95.71428571428571,7.351812697711859,6.508769136971682,1,1
4,275.0,2359.64,1483.58,589.91,68.75,7.766688047695937,5.62040086571715,0,0
9,686.0,145.66,972.95,16.184444444444445,76.22222222222223,4.9881169826656535,6.532334292222349,1,1
9,497.0,1845.08,1674.09,205.0088888888889,55.22222222222222,7.520819751068524,6.210600077024653,1,0
11,458.0,1364.29,1649.04,124.02636363636363,41.63636363636363,7.2191221392663145,6.129050210060545,1,0
11,958.0,1999.13,1900.18,181.73909090909092,87.0909090909091,7.600967457429674,6.8658910748834385,1,1
12,398.0,2481.44,1755.18,206.78666666666666,33.166666666666664,7.816997226442958,5.988961416889864,1,0
12,482.0,1710.47,1746.74,142.53916666666666,40.166666666666664,7.445107929332829,6.180016653652572,1,0
5,741.0,429.24,951.92,85.848,148.2,6.064343192520554,6.60934924316738,0,1
8,1064.0,1756.52,1857.04,219.565,133.0,7.471659003420924,6.970730078143525,1,1
5,685.0,747.14,1216.36,149.428,137.0,6.61759012623655,6.530877627725885,0,1
10,64.0,455.9,774.64,45.589999999999996,6.4,6.124464548569226,4.174387269895637,1,0
13,1167.0,1074.36,2197.33,82.64307692307692,89.76923076923077,6.980410768221656,7.0630481633881725,1,1
6,135.34,1144.13,1478.11,190.68833333333336,22.55666666666667,7.043273446661393,4.915151765934639,0,0
5,717.0,1508.97,1722.49,301.794,143.4,7.319845062061939,6.576469569048224,0,1
7,172.0,1486.86,1557.94,212.4085714285714,24.571428571428573,7.305094124945164,5.153291594497779,1,0
10,728.0,226.53,1060.47,22.653,72.8,5.4272820978290355,6.591673732008658,1,1
4,333.0,1934.76,1467.52,483.69,83.25,7.5682552932098375,5.811140992976701,0,0
5,770.0,873.33,1502.49,174.666,154.0,6.773457878762979,6.647688373563329,0,1
4,862.0,2335.55,1698.94,583.8875,215.5,7.756430761440725,6.760414691083428,0,1
1,141.0,10.15,195.14,10.15,141.0,2.411439497906128,4.955827057601261,0,0
1,822.0,2170.53,1374.91,2170.53,822.0,7.683187267214468,6.71295620067707,0,1
8,862.0,1817.85,1719.37,227.23125,107.75,7.505959712226172,6.760414691083428,1,1
6,323.0,1477.23,1608.55,246.205,53.833333333333336,7.298600705098168,5.780743515792329,0,0
5,654.0,1272.89,1724.68,254.57800000000003,130.8,7.149830490175204,6.484635235635252,0,1
6,1043.0,1404.35,1807.42,234.0583333333333,173.83333333333334,7.248041661065307,6.950814768442584,0,1
9,223.0,1916.03,1623.73,212.89222222222222,24.77777777777778,7.558532392375462,5.4116460518550396,1,0
3,307.0,266.21,540.97,88.73666666666666,102.33333333333333,5.5880348661118875,5.730099782973574,0,0
9,748.0,653.42,1249.66,72.60222222222222,83.11111111111111,6.483749347168707,6.618738983517219,1,1
9,534.0,1929.94,1624.87,214.4377777777778,59.333333333333336,7.565762209962342,6.282266746896006,1,1
13,511.0,1628.33,1915.79,125.25615384615384,39.30769230769231,7.395924166354715,6.238324625039508,1,1
7,368.0,1231.69,1550.04,175.9557142857143,52.57142857142857,7.116954052250699,5.910796644040527,1,0
1,809.0,1734.56,1447.25,1734.56,809.0,7.4590854068736405,6.697034247666484,0,1
2,616.0,968.93,1163.1,484.465,308.0,6.87722390394496,6.424869023905388,0,1
4,425.0,1286.54,1449.26,321.635,106.25,7.160488700016457,6.054439346269371,0,0
4,10.0,1262.73,1261.41,315.6825,2.5,7.141822944294514,2.3978952727983707,0,0
5,36.0,2022.94,1410.58,404.588,7.2,7.612801385699181,3.6109179126442243,0,0
5,873.0,1584.53,1796.7,316.906,174.6,7.3686740152752686,6.773080375655535,0,1
9,1000.0,1901.79,1778.65,211.31,111.11111111111111,7.551076509131241,6.90875477931522,1,1
5,503.0,2335.55,1649.42,467.11,100.6,7.756430761440725,6.222576268071369,0,1
1,698.0,1525.82,1398.75,1525.82,698.0,7.330942420077918,6.54965074223381,0,1
11,636.0,2238.97,1699.94,203.54272727272726,57.81818181818182,7.7142177519022574,6.456769655572163,1,1
9,238.0,1197.83,1560.78,133.0922222222222,26.444444444444443,7.089101360154412,5.476463551931511,1,0
5,41.0,2314.68,1500.28,462.936,8.2,7.747458659889294,3.7376696182833684,0,0
11,448.0,732.79,1090.35,66.61727272727272,40.72727272727273,6.598222884136855,6.1070228877422545,1,0
5,125.0,96.38,570.99,19.276,25.0,4.578620850754555,4.836281906951478,0,0
8,1005.0,1391.37,1987.39,173.92125,125.625,7.238762610172283,6.913737350659685,1,1
10,793.0,1422.29,2007.62,142.22899999999998,79.3,7.260726372126232,6.677083461247136,1,1
12,931.0,864.21,1663.58,72.0175,77.58333333333333,6.762972252033377,6.837332814685591,1,1
7,1161.0,1499.97,1862.45,214.28142857142856,165.85714285714286,7.313866844758176,7.057897937411856,1,1
5,691.0,1030.64,1465.26,206.12800000000001,138.2,6.9389050479743535,6.539585955617669,0,1
8,1182.0,990.07,1840.75,123.75875,147.75,6.8987851675568965,7.075808863978387,1,1
11,610.0,1990.79,1753.56,180.98090909090908,55.45454545454545,7.59678901090054,6.415096959171596,1,1
7,953.0,1918.24,1833.56,274.0342857142857,136.14285714285714,7.5596845533258,6.860663671448287,1,1
2,851.68,473.96,650.68,236.98,425.84,6.16323058996242,6.748384330564994,0,1
10,872.0,2191.27,1776.62,219.127,87.2,7.692692815664948,6.771935555839602,1,1
1,697.0,2148.5,1421.07,2148.5,697.0,7.672990535936337,6.548219102762372,0,1
1,55.0,3.6,126.06,3.6,55.0,1.5260563034950492,4.02535169073515,0,0
9,934.0,415.5,1208.82,46.166666666666664,103.77777777777777,6.031886461606898,6.840546529288687,1,1
1,309.0,1211.37,1110.55,1211.37,309.0,7.100332400568694,5.736572297479192,0,0
10,472.0,431.95,924.65,43.195,47.2,6.0706222478938106,6.159095388491933,1,0
4,650.0,619.49,676.38,154.8725,162.5,6.430509488479342,6.478509642208569,0,1
11,886.0,922.66,1852.24,83.87818181818182,80.54545454545455,6.828344038557851,6.787844982309579,1,1
5,751.0,407.43,1063.46,81.486,150.2,6.01232054098736,6.62273632394984,0,1
11,293.0,285.14,966.87,25.921818181818182,26.636363636363637,5.656481201538188,5.683579767338681,1,0
1,869.0,1498.88,1398.94,1498.88,869.0,7.313140383890131,6.76849321164863,0,1
7,635.0,1406.31,1630.66,200.90142857142857,90.71428571428571,7.249435359782719,6.455198563340122,1,1
7,901.0,136.8,1222.6,19.542857142857144,128.71428571428572,4.925803358579558,6.804614520062624,1,1
11,740.0,1171.99,902.09,106.54454545454546,67.27272727272727,7.067311323467946,6.608000625296087,1,1
3,906.3,540.03,848.42,180.01,302.09999999999997,6.2934747301740925,6.810473156175584,0,1
14,1138.0,518.18,1696.86,37.012857142857136,81.28571428571429,6.252250643846702,7.037905963447182,1,1
5,1126.0,664.9,1336.74,132.98,225.2,6.501139509116577,7.027314514039777,0,1
13,1054.0,1131.25,2162.03,87.01923076923077,81.07692307692308,7.031962082436324,6.961296045910167,1,1
12,81.0,2485.34,1589.65,207.11166666666668,6.75,7.818567028608033,4.406719247264253,1,0
6,164.0,1460.21,1535.3,243.36833333333334,27.333333333333332,7.2870201385878275,5.10594547390058,0,0
14,1056.0,2489.69,1894.16,177.835,75.42857142857143,7.820315059505038,6.963189985870238,1,1
3,177.0,18.73,430.86,6.243333333333333,59.0,2.982140320034524,5.181783550292085,0,0
12,229.0,1216.16,1696.65,101.34666666666668,19.083333333333332,7.104275555175905,5.438079308923196,1,0
6,378.0,837.63,1215.96,139.605,63.0,6.7317696080056875,5.937536205082426,0,0
14,1100.0,237.69,1265.57,16.977857142857143,78.57142857142857,5.475165638876943,7.00397413672268,1,1
3,1166.0,530.44,785.59,176.81333333333336,388.6666666666667,6.275590303356986,7.062191632286556,0,1
5,1076.0,190.33,879.65,38.066,215.2,5.253999685896911,6.981934677156389,0,1
5,117.0,953.06,1116.8,190.612,23.4,6.860726562552361,4.770684624465665,0,0
8,372.0,348.37,950.24,43.54625,46.5,5.856131532536831,5.921578419643816,1,0
4,18.0,289.06,380.88,72.265,4.5,5.670087798132104,2.9444389791664403,0,0
14,719.0,1973.14,1980.99,140.93857142857144,51.357142857142854,7.587888139464398,6.579251212010101,1,1
6,1198.0,222.6,1107.96,37.1,199.66666666666666,5.409858741280944,7.089243155027514,0,1
1,1122.0,861.5,1081.05,861.5,1122.0,6.759835148905514,7.023758954738443,0,1
8,562.0,2479.33,1478.31,309.91625,70.25,7.816146894822859,6.333279628139691,1,1
8,16.0,259.02,543.56,32.3775,2.0,5.560758551134023,2.833213344056216,1,0
4,286.0,1063.49,418.17,265.8725,71.5,6.970251090207681,5.659482215759621,0,0
12,1077.0,32.55,1387.43,2.7125,89.75,3.5130368634176907,6.982862751468942,1,1
13,8.0,78.44,713.71,6.033846153846154,0.6153846153846154,4.375002019736917,2.1972245773362196,1,0
5,716.0,1111.23,1492.08,222.246,143.2,7.014122287955589,6.57507584059962,0,1
12,916.0,2394.85,1740.85,199.57083333333333,76.33333333333333,7.781493352935039,6.821107472256465,1,1
9,524.0,474.75,935.4,52.75,58.22222222222222,6.164892506176259,6.263398262591624,1,1
5,765.0,480.48,1038.42,96.096,153.0,6.176864693511534,6.641182169740591,0,1
2,370.0,1554.5,1311.23,777.25,185.0,7.349552316337692,5.916202062607435,0,0
12,965.0,1700.28,1879.09,141.69,80.41666666666667,7.439136187902776,6.873163834212518,1,1
6,420.0,386.77,929.16,64.46166666666666,70.0,5.960412380352513,6.042632833682381,0,0
8,888.0,2296.07,1718.71,287.00875,111.0,7.739389676756757,6.790097235513905,1,1
9,708.0,461.07,1110.6,51.23,78.66666666666667,6.135716394755993,6.5638555265321274,1,1
8,638.0,1007.48,1483.06,125.935,79.75,6.9161995257648,6.459904454377535,1,1
12,178.0,507.59,907.19,42.299166666666665,14.833333333333334,6.231642190977971,5.187385805840755,1,0
7,205.0,103.31,683.1,14.758571428571429,29.285714285714285,4.64736723468788,5.327876168789581,1,0
10,87.0,498.96,781.97,49.896,8.7,6.214528095222021,4.477336814478207,1,0
3,1159.0,2209.44,1434.84,736.48,386.3333333333333,7.700946869717639,7.05617528410041,0,1
5,173.0,1337.9,1443.96,267.58000000000004,34.6,7.1996036603033335,5.159055299214529,0,0
4,448.0,2055.97,1497.46,513.9925,112.0,7.628989305200469,6.1070228877422545,0,0
5,781.0,2114.27,1789.85,422.854,156.2,7.656937742907056,6.661854740545311,0,1
6,383.0,462.79,800.3,77.13166666666667,63.833333333333336,6.139431863571309,5.950642552587727,0,0
4,305.0,125.79,664.43,31.4475,76.25,4.842532174539857,5.723585101952381,0,0
7,756.0,1473.59,1961.96,210.51285714285714,108.0,7.296135264032488,6.6293632534374485,1,1
8,342.0,2259.06,1502.02,282.3825,42.75,7.723146640586488,5.8377304471659395,1,0
4,1202.0,1074.87,1501.24,268.7175,300.5,6.9808849155788,7.0925737159746784,0,1
14,595.0,1818.77,1889.9,129.91214285714287,42.5,7.506465398458648,6.39024066706535,1,1
10,773.0,865.92,1837.11,86.592,77.3,6.764946700320201,6.651571873589727,1,1
3,718.0,1158.02,1416.98,386.00666666666666,239.33333333333334,7.055330099446257,6.577861357721047,0,1
8,7.0,2075.6,1422.12,259.45,0.875,7.638487219869353,2.0794415416798357,1,0
9,597.0,625.99,990.84,69.55444444444444,66.33333333333333,6.4409305915424175,6.393590753950631,1,1
12,959.0,1947.82,1833.24,162.31833333333333,79.91666666666667,7.574979340188697,6.866933284461882,1,1
12,947.0,193.05,1225.63,16.087500000000002,78.91666666666667,5.268115857814915,6.854354502255021,1,1
9,849.0,1007.41,1785.47,111.93444444444444,94.33333333333333,6.916130111964317,6.745236349484363,1,1
1,292.0,449.83,363.02,449.83,292.0,6.111090328309851,5.680172609017068,0,0
12,59.0,2247.39,1629.92,187.2825,4.916666666666667,7.717969683510842,4.0943445622221,1,0
1,252.75,285.5,331.74,285.5,252.75,5.6577385361547945,5.536349530355997,0,0
5,865.0,644.79,1202.46,128.958,173.0,6.47047437353411,6.763884908562435,0,1
1,532.0,413.99,355.57,413.99,532.0,6.028254423554833,6.278521424165844,0,1
9,524.0,136.46,848.89,15.162222222222223,58.22222222222222,4.923332965693459,6.263398262591624,1,1
11,667.0,1915.95,1732.2,174.17727272727274,60.63636363636363,7.5584906602850435,6.504288173536645,1,1
14,516.0,1464.67,1842.1,104.61928571428572,36.857142857142854,7.290067754788031,6.248042874508429,1,1
7,690.0,1807.71,1710.98,258.2442857142857,98.57142857142857,7.500369162981049,6.53813982376767,1,1
8,161.15,1230.37,1499.24,153.79625,20.14375,7.115882649666127,5.088521832753327,1,0
11,816.0,544.99,1077.12,49.54454545454546,74.18181818181819,6.302600660558868,6.705639094860003,1,1
5,130.0,306.9,574.1,61.379999999999995,26.0,5.729775054930455,4.875197323201151,0,0
4,1180.0,1948.55,1565.16,487.1375,295.0,7.575353855695707,7.074116816197362,0,1
2,713.0,740.33,1048.28,370.165,356.5,6.608445870289377,6.570882962339584,0,1
3,859.12,611.07,960.47,203.69000000000003,286.37333333333333,6.416846655056505,6.757071914397188,0,1
7,623.0,1691.39,1800.86,241.62714285714287,89.0,7.433897010059843,6.436150368369428,1,1
7,15.0,2436.67,1459.63,348.0957142857143,2.142857142857143,7.798797944029775,2.772588722239781,1,0
1,452.0,275.05,282.89,275.05,452.0,5.620582008730054,6.115892125483034,0,0
3,1025.03,592.55,992.4,197.51666666666665,341.6766666666667,6.386121456499543,6.933452265069323,0,1
